{
    "Moresu": 49646.0,
    "Safo": 97335.0,
    "Qudak": 186531.4581287448,
    "Ecoz": 119560.75240285115,
    "Acyd": 334176.0,
    "Yleg": 12589.158272608158,
    "Ylufuwu": 183327.05740374647,
    "Hopyr": 14853.0,
    "Amepoqo": 66760.0,
    "Pexy": 11300.767210119895
}